{"cameraMode":{"drawMode":0,"name":"Shaded","section":"Shading Mode"},"sceneLighting":false,"audioPlay":false,"sceneViewState":{"showFog":true,"showMaterialUpdate":false,"showSkybox":true,"showFlares":true,"showImageEffects":true,"showParticleSystems":true},"in2DMode":false,"pivot":{"x":0.6385154128074646,"y":0.3507406413555145,"z":0.6081149578094482},"rotation":{"x":0.023830488324165345,"y":0.6984182000160217,"z":-0.023266848176717759,"w":0.7149770855903626},"size":1.567469596862793,"orthographic":false}