{"cameraMode":{"drawMode":0,"name":"Shaded","section":"Shading Mode"},"sceneLighting":false,"audioPlay":false,"sceneViewState":{"showFog":true,"showMaterialUpdate":false,"showSkybox":true,"showFlares":true,"showImageEffects":true,"showParticleSystems":true},"in2DMode":false,"pivot":{"x":23.871999740600587,"y":0.9299999475479126,"z":85.93699645996094},"rotation":{"x":0.09133077412843704,"y":0.8141819834709168,"z":-0.1333228349685669,"w":0.5577453374862671},"size":3.477023124694824,"orthographic":false}