{"cameraMode":{"drawMode":0,"name":"Shaded","section":"Shading Mode"},"sceneLighting":false,"audioPlay":false,"sceneViewState":{"showFog":true,"showMaterialUpdate":false,"showSkybox":true,"showFlares":true,"showImageEffects":true,"showParticleSystems":true},"in2DMode":false,"pivot":{"x":0.0000019073486328125,"y":1.9340378046035767,"z":-4.76837158203125e-7},"rotation":{"x":0.04516257345676422,"y":0.6388987302780151,"z":-0.03761616349220276,"w":0.7670549750328064},"size":20.587947845458986,"orthographic":false}