{"cameraMode":{"drawMode":0,"name":"Shaded","section":"Shading Mode"},"sceneLighting":false,"audioPlay":false,"sceneViewState":{"showFog":true,"showMaterialUpdate":false,"showSkybox":true,"showFlares":true,"showImageEffects":true,"showParticleSystems":true},"in2DMode":false,"pivot":{"x":-0.0008329302072525024,"y":0.022936061024665834,"z":0.40146440267562868},"rotation":{"x":0.09133077412843704,"y":0.8141819834709168,"z":-0.1333228349685669,"w":0.5577453374862671},"size":1.567469596862793,"orthographic":false}